# The sequence type of every isolate of data/fastq/cdiff_isolates.txt, read off Table 2 of
#
#   Bejaoui S, Nielsen SH, Rasmussen A, Coia JE, Andersen DT, Pedersen TB, Moller MV,
#   Nielsen MTK, Frees D, Persson S. "Comparison of Illumina and Oxford Nanopore sequencing
#   data quality for Clostridioides difficile genome analysis and their application for
#   epidemiological surveillance." BMC Genomics 2025. doi:10.1186/s12864-025-11267-9
#
# taken from the open-access full text at PMC11783910. This is the ground truth of the held-out
# classification experiment -- see IsolateSTAccuracyMain -- and it is NOT the same thing as
# results/cdiff_mlst.csv, which types the genomes the database was BUILT from. The two must stay
# disjoint or the experiment measures nothing.
#
# WHICH COLUMN. Table 2 gives five typings per isolate: Illumina/SPAdes, Nanopore/Flye,
# Nanopore/Unicycler, non-assembled Nanopore reads through Krocus, and the hybrid assembly. All
# five agree for every isolate once the entries the paper marks 'N/A (STx)' are read as the type
# its own manual curation assigns, so there is one type per isolate and no choice to make here.
#
# BOTH RUNS OF AN ISOLATE get a row. The 'np' suffix is the Nanopore run of the same isolate and
# carries the same type; that the two are scored separately is what makes the experiment a
# platform comparison as well.
#
# B35 to B38 do not exist: the study numbers its isolates B11-B34 and B39-B51, 37 in all.
isolate;st;
B11;6;
B11np;6;
B12;6;
B12np;6;
B13;7;
B13np;7;
B14;36;
B14np;36;
B15;11;
B15np;11;
B16;49;
B16np;49;
B17;13;
B17np;13;
B18;11;
B18np;11;
B19;6;
B19np;6;
B20;11;
B20np;11;
B21;11;
B21np;11;
B22;11;
B22np;11;
B23;11;
B23np;11;
B24;6;
B24np;6;
B25;7;
B25np;7;
B26;49;
B26np;49;
B27;13;
B27np;13;
B28;36;
B28np;36;
B29;6;
B29np;6;
B30;11;
B30np;11;
B31;37;
B31np;37;
B32;11;
B32np;11;
B33;11;
B33np;11;
B34;11;
B34np;11;
B39;8;
B39np;8;
B40;2;
B40np;2;
B41;5;
B41np;5;
B42;3;
B42np;3;
B43;8;
B43np;8;
B44;5;
B44np;5;
B45;14;
B45np;14;
B46;8;
B46np;8;
B47;2;
B47np;2;
B48;14;
B48np;14;
B49;2;
B49np;2;
B50;3;
B50np;3;
B51;48;
B51np;48;
